0,0.492163,0,0,0.447486,0,0,0,0,0,0,0,0,0,0,0,0,0,0,0,0,0,0.340452,0,0,availability
0,0,0,0,0,0.229486,0,0,0,0.223703,0,0,0,0,0,0,0,0,0,0,0,0,0,0,0,availability
0.419291,0,0,0,0,0,0,0,0,0,0,0,0,0,0,0,0,0,0,0,0,0,0,0.468127,0,security
0,0,0,0,0,0,0,0,0,0,0,0,0,0,0,0,0,0,0,0,0,0,0.427226,0.259939,0,usability
0,0,0,0,0,0,0,0.606032,0,0,0,0,0,0,0,0,0,0,0,0,0,0,0,0,0,maintainability
0,0,0,0,0,0,0,0,0,0,0,0,0,0,0,0,0,0,0,0,0,0,0.356245,0,0,performance
0,0,0,0,0,0,0,0,0,0,0.366105,0,0,0,0,0,0,0,0,0.229395,0,0,0,0,0,performance
0,0,0,0,0,0,0,0,0,0,0.312191,0,0,0.502309,0,0,0,0,0,0,0,0,0,0.189287,0,availability
0,0,0,0,0,0,0,0,0,0,0,0,0,0,0,0,0,0,0,0,0,0,0,0.427769,0,availability
0,0,0.546007,0,0,0,0,0,0,0,0,0,0,0,0,0,0,0,0,0,0,0,0,0.344056,0,security
0,0,0,0,0,0,0,0,0,0,0,0,0,0,0,0,0,0,0,0,0,0,0,0,0,maintainability
0,0,0,0,0,0,0,0.276243,0,0,0,0,0,0,0,0,0,0,0,0,0,0,0,0,0,usability
0,0,0,0,0,0,0,0,0,0,0,0,0,0,0,0,0,0,0,0.265631,0,0,0.249512,0.151812,0,usability
0,0,0,0,0,0,0,0,0,0,0,0,0,0,0,0,0,0,0,0.318767,0,0,0,0,0,performance
0,0,0,0,0,0,0,0,0,0,0,0,0,0,0,0,0,0,0,0,0,0,0,0,0,security
0,0,0,0,0,0,0,0,0,0,0,0,0,0,0.329598,0,0,0,0,0.219933,0,0,0.349783,0.21282,0.254508,usability
0,0,0,0,0,0,0,0,0,0,0,0,0,0,0,0,0,0,0,0,0,0,0,0,0,security
0,0,0,0,0,0,0,0,0,0,0,0,0,0,0,0,0,0,0,0,0,0,0,0,0,usability
0,0,0,0,0.419659,0,0,0,0,0,0,0,0,0,0,0,0,0,0.729714,0,0,0,0,0.328914,0,availability
0,0,0,0,0,0,0,0,0,0,0,0,0,0,0,0,0,0,0,0,0,0,0,0.661759,0,'fault tolerance'
0,0,0,0,0,0,0,0,0,0,0,0,0,0,0,0,0,0,0,0,0,0.463429,0,0,0,maintainability
0,0,0,0,0,0,0,0,0,0,0,0,0,0,0,0,0,0,0,0,0,0,0,0.538219,0,security
0,0,0,0,0,0,0,0,0.484192,0,0,0,0,0,0,0,0,0,0,0,0,0,0,0,0,security
0.3335,0,0.476733,0,0,0,0,0,0,0,0,0,0,0,0,0,0,0,0,0,0,0,0,0.177424,0.359249,security
0,0,0,0,0,0,0,0,0,0,0,0,0,0,0,0,0,0,0,0,0,0,0,0,0,scalability
0,0,0,0,0,0,0,0,0,0,0,0,0,0,0,0,0,0,0.448846,0,0,0,0,0.202314,0,scalability
0,0.393383,0,0,0.443326,0,0,0,0,0,0,0,0,0,0,0,0,0,0,0.2897,0,0,0,0,0,availability
0,0.290973,0,0,0,0,0,0,0,0,0,0.501289,0,0,0,0,0,0,0,0,0,0,0,0,0,availability
0,0,0,0,0,0,0,0,0,0,0.363047,0,0,0,0,0,0.599234,0,0,0,0,0,0,0.220122,0,performance
0,0,0,0,0,0,0,0,0,0,0,0,0,0,0,0,0,0,0,0.35947,0,0,0,0,0,performance
0,0,0,0,0,0,0,0,0,0.34555,0,0,0,0,0,0,0,0,0,0,0,0,0,0,0,availability
0,0,0,0,0,0,0,0,0,0,0.176176,0,0,0,0,0,0,0,0,0,0,0,0,0,0,availability
0.772514,0,0,0,0,0,0,0,0,0,0,0,0,0,0,0,0,0,0,0,0,0,0,0,0,security
0,0,0,0,0,0,0,0.389094,0,0,0,0,0,0,0,0.78314,0,0,0,0,0,0,0,0.160944,0,usability
0.255845,0,0,0,0,0,0,0,0,0,0,0,0,0,0,0,0,0,0,0,0,0,0,0.3248,0.275598,security
0,0,0,0,0,0,0,0,0,0,0,0,0,0,0,0.427262,0,0,0,0,0,0,0,0.184273,0,usability
0,0,0,0,0,0,0,0,0,0.413773,0,0,0,0,0,0,0,0,0,0,0,0,0,0,0,availability
0.264214,0,0,0,0,0,0,0,0,0,0,0,0,0,0,0,0,0,0,0,0,0,0,0.140563,0,performance
0,0,0,0,0,0,0,0,0,0,0,0,0,0,0,0,0,0,0,0,0,0,0,0.240666,0,usability
0,0,0,0,0,0,0,0,0,0,0,0,0,0,0,0,0,0,0,0,0,0,0,0.235628,0.281784,security
0,0,0,0,0,0,0,0,0,0,0,0,0,0,0,0,0,0,0,0,0,0,0,0.559137,0,security
0.339934,0,0,0,0,0,0,0,0,0,0,0,0,0,0,0,0,0,0,0,0,0,0,0.3062,0,security
0,0,0,0,0,0,0,0,0,0,0,0,0,0,0,0,0,0,0.579885,0,0,0,0,0.261379,0,scalability
0,0,0,0,0,0,0,0.436902,0,0,0,0,0,0,0,0,0,0,0,0,0,0,0,0,0,usability
0,0,0,0,0,0,0,0,0.457388,0,0,0,0,0,0,0,0,0,0.362402,0,0,0,0,0,0,security
0,0,0,0,0,0,0,0,0,0,0,0,0,0,0,0,0,0,0,0,0,0,0,0.345579,0,usability
0,0,0,0,0,0,0,0,0,0,0,0,0,0,0,0,0,0,0,0.474508,0,0,0,0,0,availability
0,0,0,0,0,0,0,0.366601,0,0,0,0,0,0,0,0,0,0,0,0,0,0,0.24923,0.15164,0,usability
0,0,0,0,0,0,0,0,0,0,0.554737,0,0,0,0,0,0,0,0,0,0,0,0,0,0,performance
0,0,0,0,0,0,0,0,0,0,0,0,0,0,0,0,0,0,0,0,0,0,0,0.412052,0,security
0,0,0,0,0,0,0,0,0,0.391928,0,0.357055,0,0,0,0,0,0,0,0,0,0,0,0,0,availability
0,0,0,0,0,0,0.224973,0,0,0,0,0,0,0,0,0.340695,0,0,0,0,0,0,0,0.182126,0,usability
0,0,0,0,0,0,0,0,0,0,0.265163,0,0,0,0,0,0,0,0,0,0,0,0,0,0,performance
0,0,0,0,0,0,0,0,0,0,0.34782,0,0.529532,0,0,0,0,0,0,0,0,0,0,0,0,performance
0,0,0,0.55843,0,0,0,0,0,0,0,0,0,0,0,0,0,0,0,0,0,0,0,0,0,availability
0,0,0,0,0,0,0,0,0,0,0,0,0,0,0,0,0,0,0,0,0,0,0,0.158439,0,usability
0,0,0,0,0.471523,0,0,0,0,0,0,0,0,0,0,0,0,0,0,0,0,0.3205,0,0.128914,0,maintainability
0,0,0,0,0,0,0,0,0,0,0,0,0,0,0,0,0,0,0,0,0,0,0,0.327017,0,security
0,0,0,0,0,0,0,0,0,0,0,0,0,0,0,0,0,0,0,0,0,0,0.406181,0,0,usability
0,0,0,0,0.457789,0,0,0,0,0,0,0,0,0,0,0,0,0,0.47014,0,0,0,0,0,0,maintainability
0,0,0,0,0,0,0,0,0,0,0,0,0,0,0,0,0,0,0,0,0,0,0.427226,0.259939,0,usability
0,0,0,0,0,0,0,0,0,0,0,0,0,0,0,0,0,0,0,0,0,0,0,0.322927,0,usability
0,0,0,0,0,0,0,0,0,0,0,0,0,0,0,0,0,0,0,0,0.464813,0,0.268693,0.163482,0.331021,usability
0,0,0,0,0,0,0,0,0,0,0,0,0,0,0,0.805337,0,0,0,0,0,0,0,0,0,usability
0,0,0,0,0,0,0,0,0,0,0,0,0,0,0,0,0,0,0,0,0,0,0,0,0,security
0,0,0,0,0,0,0,0,0,0.524421,0,0,0,0,0,0,0,0,0,0,0,0,0,0.19762,0,availability
0,0,0,0,0,0,0,0,0,0,0,0,0,0,0,0,0,0,0,0,0,0,0,0.227005,0,usability
0,0,0,0,0,0.394082,0,0,0,0,0,0,0,0,0,0,0,0,0,0.253295,0,0,0,0.144762,0,scalability
0,0,0,0,0,0,0,0,0,0,0,0,0,0,0,0,0,0,0,0.284125,0,0,0,0,0,usability
0,0,0,0,0,0,0,0,0,0,0,0,0,0,0,0,0,0,0,0,0,0,0,0,0,usability
0,0,0,0,0,0,0,0,0,0,0.401756,0,0,0,0,0,0,0,0,0.251733,0,0,0,0.143869,0.291308,usability
0,0,0,0,0,0,0,0,0,0,0,0,0,0,0,0.320031,0,0,0,0,0,0,0,0,0,usability
0,0,0,0,0,0,0,0,0,0,0,0,0,0,0,0,0,0,0,0,0,0,0,0,0,security
0,0,0,0,0,0,0,0,0,0,0,0,0,0,0,0,0,0,0,0,0,0,0,0,0,'fault tolerance'
0.231501,0,0,0,0,0,0,0,0,0,0,0,0,0,0,0,0,0,0,0,0,0,0,0.258464,0.249375,security
0,0,0.473037,0,0,0,0,0,0,0,0,0,0,0,0,0,0,0,0,0,0,0,0,0.176048,0,security
0,0,0,0,0,0,0,0,0,0,0,0,0,0,0,0,0,0,0,0,0,0,0,0,0,maintainability
0.121868,0,0,0,0,0,0.284571,0,0,0,0,0,0,0,0.28785,0,0,0,0,0,0,0,0.106559,0.244593,0,usability
0,0,0,0,0,0,0,0,0,0,0,0,0,0,0,0,0,0,0,0,0,0,0,0,0,performance
0,0,0,0,0,0,0,0,0,0,0,0,0,0,0,0,0,0,0,0,0,0,0.474494,0.288699,0,scalability
0,0,0,0.462418,0,0,0,0,0,0,0,0,0.420711,0,0,0,0,0,0,0.293169,0,0,0,0,0,availability
0,0,0,0,0,0,0,0,0,0,0,0,0,0.322813,0,0,0,0,0.26988,0,0,0,0.419584,0,0,maintainability
0,0,0,0,0,0,0,0,0,0,0,0,0,0,0,0.522059,0,0,0,0,0,0,0,0,0,usability
0,0,0,0,0,0,0,0,0,0,0,0,0,0,0,0,0,0,0,0,0,0,0,0,0,maintainability
0,0,0,0,0,0,0,0.501044,0,0,0,0,0,0,0,0,0,0,0,0,0,0,0,0.207251,0,usability
0,0,0,0,0,0,0,0,0,0,0.299407,0,0,0,0,0,0,0.447013,0,0.31764,0,0,0,0,0,performance
0.245538,0,0,0,0,0,0,0,0,0.346645,0,0,0,0,0,0,0,0,0,0,0,0,0,0,0,performance
0,0,0,0,0,0,0,0,0,0,0,0,0,0,0,0,0,0,0,0,0,0,0,0,0,security
0,0,0,0,0,0,1,0,0,0,0,0,0,0,0,0,0,0,0,0,0,0,0,0,0,usability
0,0,0,0,0,0,0,0,0,0,0,0,0,0,0,0,0,0,0,0,0,0,0,0.327017,0,security
0,0,0,0,0,0,0,0,0,0,0,0,0,0,0,0,0,0,0,0,0.875936,0,0,0,0,usability
0,0,0,0,0,0,0.23537,0.219502,0,0,0,0,0,0,0,0.210519,0,0,0,0,0,0,0.149226,0.090794,0,usability
0,0,0,0,0,0,0,0,0,0,0,0,0,0,0,0,0.358462,0,0,0,0,0,0,0.222949,0,security
0,0,0,0,0,0,0,0.520343,0,0,0,0,0,0,0,0,0,0,0,0,0,0,0,0,0,usability
0.176501,0,0,0,0,0,0,0,0,0,0.154868,0,0,0,0,0,0,0,0,0,0,0,0.261302,0,0,performance
0,0,0,0,0,0,0,0,0,0,0,0,0,0,0,0,0,0,0,0,0,0,0.373618,0,0,security
0,0,0,0,0,0,0,0,0.926997,0,0,0,0,0,0,0,0,0,0,0,0,0,0,0,0,security
0.321418,0,0,0,0,0,0,0,0,0,0,0,0,0,0,0,0,0,0,0,0,0,0,0.170996,0,security
0,0,0,0,0,0,0,0,0,0,0,0,0,0,0,0,0,0,0,0,0,0,0,0,0,performance
0,0,0,0,0,0,0,0,0,0,0,0,0,0,0,0,0,0,0,0,0,0,0,0.208998,0,security
0,0,0,0,0,0,0,0,0,0,0,0,0,0,0,0,0,0,0,0,0,0,0,0,0,security
0,0.496956,0,0,0,0,0,0,0,0,0,0,0,0,0,0,0,0,0.464034,0,0,0,0,0.20916,0,availability
0,0,0,0,0,0,0,0,0,0,0,0,0,0,0,0,0,0,0,0,0,0,0,0.176296,0,usability
0,0,0,0,0,0,0,0,0,0,0,0,0,0,0,0,0,0,0,0,0,0,0,0.167337,0,security
0,0,0,0,0,0,0,0,0,0,0,0,0,0,0,0,0,0,0,0,0,0,0,0,0,security
0,0,0,0,0,0,0,0,0,0,0,0,0,0,0,0,0,0,0,0,0,0,0,0,0,'fault tolerance'
0,0,0,0,0.20283,0,0.412107,0,0,0,0,0,0,0,0,0.368596,0,0,0,0,0,0,0.154316,0.158971,0,usability
0,0,0,0,0,0,0,0,0,0,0,0,0,0,0,0,0,0,0,0,0,0,0,0,0,maintainability
0,0,0.496463,0,0,0,0,0,0,0,0,0,0,0,0,0,0,0,0,0,0,0,0,0.184766,0,security
0.19321,0,0,0,0,0,0,0,0,0,0,0,0,0,0.269533,0.568724,0,0,0,0.304518,0,0,0.16894,0.174037,0,usability
0,0,0,0,0,0,0,0,0,0,0,0,0,0,0,0,0,0,0.554284,0,0,0,0,0,0,performance
0,0,0,0,0,0,0,0,0,0,0.422789,0,0,0,0,0,0,0,0,0,0,0,0,0.434029,0,performance
0,0,0,0,0,0,0,0,0,0,0,0,0,0,0,0,0,0,0.407529,0,0,0,0,0,0,security
0,0,0,0,0,0,0,0,0,0,0,0,0,0,0,0,0,0,0,0,0,0,0,0,0,performance
0,0,0,0,0,0,0,0,0,0,0,0,0,0,0,0,0,0,0,0.345999,0,0,0,0,0,'fault tolerance'
0,0,0,0,0,0,0.569728,0,0,0,0,0,0,0,0,0,0,0,0.287973,0,0,0,0.213338,0,0,usability
0,0,0,0,0,0,0,0,0,0,0,0,0,0,0,0,0,0,0,0,0,0,0,0.266748,0,security
0,0,0,0,0,0,0,0,0,0,0,0.466057,0,0.511576,0,0,0,0,0,0,0,0.47928,0,0,0,maintainability
0,0,0,0,0,0,0,0,0,0,0,0,0,0,0,0,0,0,0,0.368991,0,0,0,0,0,availability
0.337066,0,0.481831,0,0,0,0,0,0,0,0,0,0,0,0,0,0,0,0,0,0,0,0,0.179321,0,security
0,0,0,0,0,0,0,0,0,0,0,0,0,0,0,0,0,0,0,0.409723,0,0.343837,0,0,0,performance
0,0,0,0,0,0,0,0,0,0,0,0,0,0,0,0,0,0,0,0.506456,0,0,0,0,0,usability
0,0,0,0,0,0,0,0,0,0,0,0,0,0,0,0,0,0,0,0,0,0,0,0,0,performance
0,0,0,0,0,0,0,0,0,0,0,0,0,0,0,0,0.512425,0,0,0,0,0,0.309374,0.188234,0,security
0,0,0,0,0,0,0,0,0,0,0,0,0,0,0,0,0,0,0,0,0,0,0,0.219739,0,security
0,0,0,0,0,0,0,0,0,0,0,0,0,0,0,0,0,0,0,0.281981,0,0,0,0,0,security
0,0,0,0.289015,0,0,0,0,0,0.47052,0,0,0,0,0,0,0,0,0,0.183234,0,0,0,0,0,availability
0.292844,0,0,0.429971,0,0,0,0,0,0,0,0,0,0,0,0,0,0,0,0,0,0,0,0,0,availability
0,0,0,0,0,0,0,0,0,0,0,0.452977,0,0,0,0,0,0,0,0,0,0,0,0,0,availability
0,0,0,0,0,0,0,0,0,0,0.663861,0,0,0,0,0,0,0,0,0,0,0,0,0.402511,0,performance
0,0,0,0,0,0,0,0.347359,0,0,0.236973,0,0,0,0,0,0,0,0,0,0,0,0,0.243273,0,usability
0,0,0,0,0,0,0,0,0,0,0.272124,0,0,0,0,0,0,0.40628,0,0.288696,0,0,0,0.164994,0,performance
0,0,0,0,0,0,0,0,0,0,0,0,0,0,0,0,0,0,0,0,0.485776,0,0.280812,0.170856,0,usability
0,0,0,0,0,0,0,0,0,0,0,0,0,0,0,0,0,0,0,0,0,0,0,0,0,maintainability
0,0,0,0,0,0,0,0,0,0,0,0,0,0.450647,0,0,0,0,0,0,0,0,0,0,0,maintainability
0,0,0,0,0,0,0,0,0,0,0,0,0,0,0,0,0,0,0,0,0,0,0,0,0,performance
0,0,0,0,0,0,0,0,0,0,0,0,0,0,0,0,0,0,0.471229,0,0,0,0,0.125449,0.25401,maintainability
0,0,0,0,0,0,0,0,0,0,0,0,0,0,0,0,0,0,0.59583,0,0,0,0,0,0,scalability
0,0,0,0,0,0,0,0,0,0,0.364191,0,0,0,0,0,0,0,0,0.386369,0,0,0,0.220816,0,performance
0,0,0,0,0,0,0,0,0,0,0,0,0,0,0,0,0.585845,0,0,0.376549,0,0,0,0.127103,0.257359,security
0,0,0,0,0,0,0,0,0,0,0.296352,0,0,0,0,0,0,0,0,0,0,0,0,0,0,performance
0,0,0,0,0,0,0,0,0,0,0,0,0,0,0,0,0,0,0,0.404054,0,0,0.159049,0,0,performance
0,0,0,0,0,0,0,0,0,0,0,0.472791,0.491052,0.518968,0,0,0,0,0,0,0,0,0,0,0,maintainability
0,0,0,0,0,0,0,0.399545,0,0,0,0,0,0,0,0,0,0,0,0,0,0,0.271627,0.165267,0,usability
0,0,0,0,0,0,0,0,0,0,0,0,0,0,0,0,0,0,0,0.353922,0,0,0,0,0,maintainability
0,0.725108,0,0,0,0,0,0,0,0,0,0,0,0.385906,0,0,0,0,0,0,0,0.361544,0,0,0,maintainability
0,0,0,0,0,0,0,0,0,0,0,0,0,0,0,0,0,0,0,0,0,0,0.19846,0.204448,0,usability
0,0,0,0,0,0,0,0,0,0,0,0,0,0,0,0,0,0,0,0,0,0,0,0.146822,0,'fault tolerance'
0,0,0,0,0.485862,0,0,0,0,0,0.37094,0,0,0,0,0,0,0,0,0,0,0,0,0,0,performance
0.235112,0,0,0,0,0,0,0,0,0,0.206296,0,0,0,0,0,0,0,0.469847,0,0,0,0.205578,0.21178,0.253265,usability
0,0,0,0,0,0,0,0.463027,0,0,0,0,0,0,0,0,0,0,0,0,0,0,0.314784,0,0,usability
0,0.643114,0,0,0,0,0,0,0,0,0,0,0,0,0,0,0,0,0,0,0,0,0,0,0,performance
0,0,0,0,0,0,0,0,0,0,0,0,0,0,0,0,0,0,0,0,0,0.365122,0,0.248658,0.297367,security
0,0,0,0,0,0,0.544608,0,0,0,0,0,0,0,0.550884,0,0,0,0,0,0,0,0,0,0,usability
0,0,0,0,0,0,0,0,0,0,0,0,0,0,0,0,0,0,0,0,0,0,0,0.336887,0,usability
0,0,0,0,0,0,0,0,0,0,0,0,0,0,0,0,0,0,0,0,0,0,0.392857,0,0,usability
0,0,0,0,0,0,0,0,0,0,0,0,0,0,0,0,0,0,0,0,0,0,0,0.131782,0,security
0,0,0,0,0,0,0,0,0,0,0,0,0,0,0,0,0,0,0,0,0,0,0,0,0,performance
0.232581,0.293987,0,0,0.452578,0,0,0,0,0,0,0.299136,0,0,0,0,0,0,0,0,0,0,0,0.123734,0,availability
0,0,0,0,0,0,0,0,0,0,0.194901,0,0,0,0,0.273997,0,0,0,0,0,0,0.194223,0.118172,0,usability
0,0,0,0,0,0,0,0,0,0,0,0,0,0,0,0,0,0,0,0,0.405003,0,0.234119,0.241183,0.288427,usability
0,0,0,0,0,0,0,0,0,0,0,0,0,0,0,0,0,0,0,0,0,0,0,0,0,security
0,0,0,0.647764,0,0,0,0,0,0,0,0,0,0,0,0,0,0,0,0,0,0,0,0,0,availability
0,0,0,0,0,0,0,0,0,0,0,0,0,0,0,0,0,0,0,0,0,0,0,0,0,performance
0.38021,0,0.543504,0,0,0,0,0,0,0,0,0,0,0,0,0,0,0,0,0,0,0,0,0.202274,0,security
0,0,0,0,0,0,0,0,0,0,0,0.29256,0,0,0,0,0,0,0,0,0,0,0,0.121014,0.24503,maintainability
0,0,0,0,0,0,0,0,0,0,0.464164,0,0,0,0,0,0,0,0,0,0,0,0,0.166218,0,performance
0,0,0,0,0,0,0,0,0,0,0,0,0,0,0,0,0,0,0,0,0,0,0,0.313538,0,usability
0,0.378766,0,0,0.344383,0,0,0,0,0,0,0,0,0,0,0,0,0.231843,0,0,0,0,0,0.094154,0,availability
0,0,0,0,0,0,0,0,0,0,0,0,0,0,0,0,0,0,0,0.37846,0,0,0,0,0,performance
0,0,0,0,0,0,0,0,0,0,0,0,0,0,0,0,0,0,0,0,0,0,0,0,0,scalability
0,0,0,0,0,0,0,0,0,0,0,0,0,0,0,0,0,0,0,0,0,0,0.467186,0.284252,0,usability
0,0,0,0,0,0,0,0,0,0,0.264894,0,0,0,0,0,0,0,0,0,0,0,0,0.16061,0,performance
0,0,0,0,0,0,0,0,0,0,0,0,0,0,0,0,0,0,0,0,0,0,0,0,0,security
0,0,0,0,0,0,0,0,0,0,0,0,0,0,0,0,0,0,0,0,0,0,0,0.218556,0,scalability
0,0,0,0,0,0,0,0,0,0,0.299888,0,0,0,0,0,0,0,0,0,0,0,0,0.181827,0,performance
0,0,0,0,0,0,0,0,0,0,0,0,0,0,0,0,0,0,0,0,0,0,0,0.25904,0,performance
0,0,0,0,0,0,0,0,0,0,0,0,0,0,0,0,0,0,0,0,0.401171,0,0,0.141098,0.285697,usability
0,0,0,0,0,0,0,0,0,0,0.460574,0,0,0,0,0,0,0,0,0,0,0,0,0,0,performance
0,0,0,0,0,0,0,0,0,0,0.33977,0,0,0,0,0,0,0,0,0,0,0.512171,0,0.206009,0,performance
0,0,0,0,0,0,0.286819,0,0,0,0,0,0,0,0,0,0,0,0,0,0,0,0.181845,0.187332,0,usability
0,0,0,0,0.445583,0,0,0,0,0,0,0.498653,0,0,0,0,0,0,0,0,0,0,0.339004,0,0,availability
0,0,0,0,0,0,0,0,0.484192,0,0,0,0,0,0,0,0,0,0,0,0,0,0,0,0,security
0,0,0,0,0,0,0,0,0,0,0.605392,0,0,0,0,0,0,0,0,0,0,0,0,0,0,performance
0,0,0,0,0,0,0,0,0,0,0,0,0,0,0,0,0,0,0.569804,0,0,0,0,0.256835,0,performance
0.379515,0,0,0,0,0,0,0,0,0,0,0,0,0,0,0,0,0,0,0,0,0,0,0.201904,0.408817,security
0,0,0,0,0,0,0,0,0,0,0,0,0,0.439226,0,0,0,0,0,0,0,0,0.272034,0,0,security
0,0,0,0,0,0,0,0,0,0,0,0,0,0,0,0.525715,0,0,0,0,0,0,0,0,0,usability
0,0,0,0,0.45183,0,0,0,0,0,0,0,0,0,0,0,0,0,0.46402,0,0,0,0,0,0,maintainability
0,0,0,0,0,0,0,0,0,0,0,0,0,0,0,0,0,0,0,0,0,0,0.234698,0,0,performance
0,0,0,0,0,0,0,0,0,0,0,0,0,0,0,0,0,0,0,0.273332,0,0,0,0.264492,0,scalability
0,0,0,0,0,0,0,0,0,0,0,0,0,0,0,0,0,0,0.393269,0,0,0,0,0.177264,0,performance
0,0,0,0,0,0,0,0,0,0,0.343335,0,0.522704,0,0,0,0,0,0,0,0,0,0,0,0,performance
0,0,0,0,0,0,0,0,0,0,0.433189,0,0,0,0,0,0,0,0,0,0,0,0,0.26265,0,performance
0,0,0,0,0,0,0,0,0,0,0,0,0,0,0,0,0,0,0,0,0,0,0.198922,0.204924,0,maintainability
0.248186,0,0,0,0.285234,0,0,0,0,0,0,0,0,0,0,0,0,0,0,0,0,0,0,0.223557,0,usability
0,0,0,0,0,0,0,0,0,0,0,0,0,0,0,0,0,0,0,0,0,0,0,0,0,maintainability
0,0,0,0,0,0,0,0,0,0,0,0.429042,0,0,0,0,0,0,0,0,0,0,0,0.177468,0,scalability
0,0,0,0,0,0,0,0,0,0.365839,0,0,0,0,0,0,0,0,0,0,0,0,0,0.233418,0,'fault tolerance'
0,0,0,0,0,0,0,0,0,0.366905,0,0,0,0.366905,0,0,0,0,0,0,0,0,0,0,0,availability
0,0,0,0,0,0,0,0,0,0,0,0,0,0,0,0,0,0,0.537755,0,0,0,0,0.24239,0,scalability
0,0,0,0,0,0,0,0,0,0,0.236006,0,0,0,0,0,0,0,0,0,0,0,0,0.143095,0.28974,performance
0,0,0,0,0,0,0,0,0,0,0,0,0,0,0,0,0,0,0,0,0,0,0,0,0,performance
0,0,0,0,0,0,0,0,0,0,0,0,0,0,0,0,0,0,0,0,0,0,0.52688,0,0,'fault tolerance'
0,0,0,0,0,0,0,0,0,0,0,0,0,0,0,0,0,0,0,0,0,0,0,0.369296,0,usability
0,0,0,0,0,0,0,0,0,0,0,0,0,0,0,0,0,0,0,0,0,0,0,0,0,performance
0,0,0,0,0,0,0,0,0,0,0,0,0,0,0,0,0,0,0,0,0,0.376396,0,0,0,maintainability
0,0,0,0,0,0,0,0,0,0,0,0,0,0,0.368646,0,0,0,0,0,0,0,0.231062,0,0,usability
0,0,0,0,0,0,0,0,0,0,0,0,0,0,0,0.406242,0,0,0,0,0,0,0,0.175208,0,security
0,0,0,0,0,0,0,0,0,0,0,0,0,0,0,0,0,0,0,0,0,0,0,0,0,security
0,0,0,0,0.370497,0,0,0,0,0,0,0.414625,0,0,0,0,0,0,0,0,0,0,0,0,0,availability
0.434091,0,0,0,0,0,0,0,0,0,0,0,0,0,0,0,0,0,0,0,0,0,0,0.286243,0,security
0,0,0,0,0,0,0,0,0,0,0.40689,0,0,0,0,0,0,0.289469,0,0,0,0,0,0.117556,0,performance
0,0,0,0,0,0,0,0,0,0,0.89283,0,0,0,0,0,0,0,0,0,0,0,0,0,0,performance
0,0,0,0,0,0,0,0,0,0,0,0,0,0,0,0,0,0,0,0,0,0,0,0,0,security
0,0,0,0,0,0,0,0,0,0,0,0,0,0,0,0,0,0,0,0,0,0,0,0,0,security
0,0,0,0,0,0,0,0,0,0,0,0,0,0,0,0,0,0,0,0,0,0,0,0.176178,0.356727,security
0,0,0,0,0,0,0,0,0,0,0,0,0,0,0.5874,0,0,0,0,0,0,0,0.217449,0.22401,0,usability
0,0,0,0,0,0,0,0.268557,0,0,0,0,0,0,0,0,0,0,0,0,0,0,0.383156,0,0,usability
0,0,0,0,0,0,0,0.383062,0,0,0,0,0,0,0,0,0,0,0,0,0,0,0.260421,0.158449,0,usability
0,0,0,0,0,0,0,0,0,0,0.300736,0,0,0,0,0,0,0,0,0.31905,0,0,0,0.182342,0.369207,usability
0,0,0,0,0,0,0,0,0,0,0,0,0,0,0,0,0,0,0,0,0,0,0,0,0,performance
0.371339,0,0,0,0,0,0,0,0,0,0,0,0,0,0,0,0,0,0,0,0,0,0,0.197554,0,security
0,0,0,0,0.231921,0,0,0,0,0,0,0,0,0,0,0,0,0,0,0,0,0,0,0,0,security
0.339347,0,0,0,0,0,0,0,0,0,0,0,0,0,0,0,0,0,0,0,0,0,0,0,0,performance
0.45059,0,0,0,0,0,0,0,0,0,0,0,0,0,0,0,0,0,0,0,0,0,0,0.239716,0,security
0.28356,0,0.405345,0,0,0,0,0,0,0,0,0,0,0,0,0,0,0,0,0,0,0,0,0.255421,0,security
0.277338,0,0.396451,0,0,0,0,0,0,0,0,0,0,0,0,0,0.40166,0,0,0,0,0,0.2425,0.309641,0,security
0,0,0,0,0,0,0,0,0,0,0.187843,0,0.168903,0,0,0,0,0.347608,0,0.280865,0,0.283156,0,0,0,performance
0,0,0,0,0,0,0,0,0,0,0,0,0,0,0,0,0,0,0,0,0,0,0.423793,0.25785,0,usability
0,0,0,0,0,0,0,0,0,0,0,0,0,0,0,0,0,0,0,0,0,0,0,0,0,usability
0,0,0,0,0,0,0,0,0,0,0,0,0,0,0,0,0,0,0,0.474508,0,0,0,0,0,availability
0,0,0,0,0,0,0,0,0,0,0,0,0,0,0,0,0,0,0,0,0,0,0.266031,0.274057,0,usability
0,0,0,0,0,0,0,0,0,0,0,0,0,0,0,0,0,0,0,0.390499,0,0,0,0,0,performance
0,0,0,0,0,0,0,0,0,0,0,0,0,0.472769,0,0,0,0,0,0,0,0,0,0,0,maintainability
0,0,0,0,0,0,0,0,0,0,0,0,0,0,0,0,0,0,0,0,0,0,0,0,0,performance
0,0,0,0,0,0,0,0.281714,0,0,0.192189,0,0,0,0,0,0,0,0,0,0,0,0.19152,0.278069,0.235946,usability
0,0,0,0,0,0,0,0,0,0,0.206136,0,0.313828,0,0,0,0,0,0,0,0,0,0,0.124984,0,performance
0,0,0,0,0,0,0,0,0,0,0,0,0,0,0,0,0,0,0,0.745165,0,0,0,0,0,performance
0,0,0,0,0,0,0,0,0,0,0,0,0,0,0,0,0,0,0,0,0,0.754851,0,0,0,maintainability
0,0,0,0,0,0,0,0,0,0,0,0,0,0,0,0,0,0,0,0,0,0,0,0,0,availability
0,0,0,0,0,0,0,0,0,0,0,0,0.572039,0,0,0,0,0,0,0,0,0,0,0,0,performance
0,0,0,0,0,0.340288,0,0,0,0,0,0,0.313871,0,0,0,0,0,0,0,0,0,0,0,0,availability
0,0,0,0,0,0,0,0,0,0,0,0,0,0,0,0,0,0,0,0,0,0,0.427226,0.259939,0,usability
0,0,0,0,0,0,0,0,0,0,0,0,0,0,0,0,0,0,0,0,0,0,0,0.148626,0,security
0.230592,0,0,0,0,0,0,0,0,0,0,0,0,0,0,0,0,0,0,0.214651,0,0,0,0.25745,0,security
0,0.48717,0,0,0,0,0,0,0,0,0,0,0,0,0,0,0,0,0,0,0,0,0,0,0,scalability
0,0,0,0.316199,0,0,0,0,0,0,0,0,0,0,0,0,0,0,0,0,0,0,0,0,0,scalability
0,0,0,0,0,0,0,0.444805,0,0,0,0,0,0,0,0,0,0,0,0,0,0,0.302396,0.183988,0.220029,usability
0,0,0,0,0,0,0,0,0,0,0,0,0,0,0,0,0,0,0.408165,0,0,0,0,0,0,performance
0,0,0,0,0,0,0,0,0,0.495146,0,0,0,0,0,0,0,0,0,0.326479,0,0,0,0,0,availability
0,0,0,0,0,0,0,0,0,0,0,0,0,0,0,0,0,0.33772,0,0.239978,0,0,0,0,0,performance
0,0.783287,0,0,0,0,0,0,0,0,0,0,0,0,0,0,0,0,0,0,0,0,0,0,0,performance
0,0,0,0,0,0,0,0,0,0,0,0,0,0,0,0,0,0,0,0,0,0,0,0.203813,0.412682,security
0.344645,0,0,0,0,0,0,0,0,0,0,0,0,0,0,0,0,0,0,0,0,0.455845,0,0.437534,0,security
0,0,0,0,0,0,0,0,0,0,0.493753,0,0,0,0,0,0,0,0,0.523821,0,0,0,0,0,performance
0.255464,0,0,0,0,0,0,0,0,0,0,0,0,0,0,0,0,0,0,0.402637,0,0,0,0.230113,0,security
0,0,0,0,0,0,0,0,0,0,0,0,0,0,0,0,0,0,0,0,0,0,0,0,0,usability
0,0,0,0,0,0,0,0,0,0,0,0,0,0,0,0,0,0,0,0,0,0,0,0.366036,0,security
0.386638,0,0,0,0,0,0,0,0,0,0,0,0,0,0,0,0,0,0,0,0,0,0,0,0,security
0,0,0,0,0,0,0,0,0,0,0.369014,0,0,0,0,0,0,0,0,0,0,0,0,0,0,availability
0,0,0,0,0,0,0,0,0,0,0,0,0,0,0,0,0,0,0,0,0,0,0,0,0,'fault tolerance'
0,0,0,0,0,0,0,0,0,0,0,0,0,0,0,0.290419,0,0,0,0,0,0,0,0,0,usability
0,0,0,0,0,0,0,0,0,0,0.204839,0,0,0,0,0,0,0,0,0,0,0,0,0.210285,0,performance
0,0,0,0.316199,0,0,0,0,0,0,0,0,0,0,0,0,0,0,0,0,0,0,0,0,0,scalability
0,0,0,0,0,0,0,0,0,0,0,0,0,0,0,0,0,0,0,0,0,0,0,0,0,scalability
0,0,0,0,0,0,0,0,0,0,0.229037,0,0,0,0,0,0,0,0,0,0,0,0,0,0,performance
0.407208,0,0,0,0.467996,0,0,0,0,0,0,0,0,0,0,0,0,0,0,0.379057,0,0,0,0,0,availability
0,0,0,0,0,0,0,0,0,0,0.240685,0,0,0,0,0,0,0,0,0,0,0.36281,0.239848,0,0,performance
0,0,0,0,0,0,0,0,0,0,0.188361,0,0,0,0,0,0,0.281222,0,0.338345,0,0,0,0,0,performance
0,0,0,0,0,0,0,0,0,0,0,0,0,0,0,0,0,0,0,0,0,0,0,0,0,security
0,0,0,0,0,0,0,0,0,0,0,0,0,0,0,0,0,0,0,0,0.384435,0,0.222229,0.135212,0,usability
0,0,0,0,0,0,0,0,0,0,0,0,0,0,0,0,0,0,0,0.520178,0,0,0.488614,0,0,performance
0,0,0,0.522257,0.194793,0,0,0,0,0,0,0.217994,0.226413,0,0,0,0,0,0,0,0,0,0,0.09017,0,availability
0.340903,0,0,0,0,0,0.470151,0,0,0,0,0,0,0,0.475568,0,0,0,0.402362,0,0,0,0,0,0,usability
0.468696,0,0,0,0,0,0,0,0,0,0,0,0,0,0,0,0,0,0,0,0,0,0,0,0,security
0,0,0,0,0,0,0,0,0,0,0.443676,0,0,0,0,0,0,0,0,0,0,0,0,0,0,performance
0,0,0,0,0.524384,0,0,0,0,0,0.40035,0,0,0,0,0,0,0,0,0.250852,0,0,0,0.143366,0,availability
0,0,0,0,0,0,0,0,0,0,0,0,0,0,0,0,0,0,0,0,0,0,0,0.179075,0.362593,usability
0,0,0,0,0,0,0,0,0.546793,0,0,0,0,0,0,0,0,0,0,0,0,0,0,0,0,security
0,0,0,0,0,0,0,0,0,0,0.262533,0,0,0,0,0,0,0,0,0.27852,0,0,0,0.269513,0,performance
0.219708,0,0,0,0,0,0,0,0,0,0,0,0,0,0,0,0,0,0,0.204519,0,0,0,0.245298,0,security
0,0,0,0,0,0,0,0,0,0,0,0,0,0,0,0,0,0,0,0,0,0,0,0.39179,0,usability
0,0,0,0,0,0,0,0,0,0,0,0,0,0,0,0,0,0,0,0,0,0,0.392885,0.239045,0,usability
0,0,0,0,0,0,0,0,0,0,0,0,0,0,0,0,0,0,0.579885,0,0,0,0,0.261379,0,performance
0,0,0,0,0,0.390188,0,0,0,0,0,0,0,0,0,0,0,0,0,0.250792,0,0,0,0,0,scalability
0,0,0,0,0,0,0,0,0,0,0,0.452977,0,0,0,0,0,0,0,0,0,0,0,0,0,availability
0,0,0,0,0,0,0,0.606032,0,0,0,0,0,0,0,0,0,0,0,0,0,0,0,0,0,usability
0,0,0,0,0,0,0,0,0,0,0,0,0,0,0,0,0,0,0,0,0,0,0,0.468506,0,scalability
0,0,0,0,0,0,0,0,0,0,0.269134,0,0.409738,0,0,0,0,0,0,0,0,0,0,0,0,performance
0.458687,0,0,0,0,0,0,0,0,0,0,0,0,0,0,0,0,0,0,0,0,0,0,0.093516,0,security
0,0,0,0,0,0,0,0,0,0,0,0,0,0,0,0,0,0,0,0.339461,0,0,0,0.194007,0,performance
0,0,0,0,0,0,0,0,0,0,0.386637,0,0,0,0,0,0,0,0,0,0,0,0,0,0,performance
0,0,0,0,0,0,0,0,0,0,0,0,0,0,0,0,0,0,0,0,0,0,0.332569,0.342603,0,usability
0,0,0,0,0,0,0,0,0,0,0.276715,0,0,0,0,0,0,0,0,0.293566,0,0,0,0.167778,0,performance
0,0,0,0,0.365358,0,0,0,0,0,0,0,0,0,0,0,0,0,0,0,0,0,0,0,0,maintainability
0,0,0,0,0,0,0,0,0,0,0,0,0,0,0,0,0,0,0,0.325068,0,0,0,0.185781,0,performance
0.322594,0,0,0,0,0,0,0,0,0,0,0,0,0,0,0,0,0,0,0,0,0,0,0.290581,0.347501,security
0,0,0,0,0.45183,0,0,0,0,0,0,0,0,0,0,0,0,0,0.46402,0,0,0,0,0,0,maintainability
0,0,0,0,0,0,0,0,0,0,0,0,0,0,0,0,0,0,0,0,0,0,0,0,0,maintainability
0.230633,0,0,0,0,0,0,0,0,0,0,0,0,0,0.321739,0,0,0,0,0,0,0,0,0.207746,0,usability
0,0,0,0,0,0,0,0,0,0,0.465106,0,0,0,0,0,0,0,0,0,0,0,0,0.166555,0,performance
0,0,0,0,0,0,0,0,0,0,0,0,0,0,0,0,0.644994,0,0,0,0,0,0,0.40116,0,security
0,0,0,0,0,0,0,0,0,0,0,0,0,0,0,0,0,0,0,0,0,0,0,0,0,security
0,0.290973,0,0,0,0,0,0,0,0,0,0.501289,0,0,0,0,0,0,0,0,0,0,0,0,0,availability
0.237582,0,0,0,0,0,0,0,0,0,0,0,0,0,0,0,0,0,0,0,0,0,0,0.265254,0,security
0,0,0,0,0,0,0,0,0,0,0,0,0,0,0,0,0,0,0.579885,0,0,0,0,0.261379,0,scalability
0,0,0,0,0,0,0,0,0,0,0,0,0,0,0,0,0,0,0,0,0,0,0,0.125115,0,usability
0,0,0,0,0,0,0,0,0,0,0,0,0,0,0,0,0,0,0,0,0,0,0,0,0,'fault tolerance'
0,0,0,0,0,0,0,0,0,0,0.344686,0,0,0,0,0,0,0,0,0,0,0,0,0.20899,0,security
0,0,0,0,0,0,0,0,0,0,0,0,0,0,0,0,0,0,0,0,0,0,0,0.157926,0,security
0,0,0,0.351012,0,0,0,0,0,0,0,0,0,0,0,0,0,0,0,0,0,0,0,0,0,availability
0,0,0,0,0,0,0.318048,0,0,0,0,0,0,0,0,0.678825,0,0,0,0,0,0,0.201645,0,0,usability
0,0,0,0,0,0,0,0,0,0,0,0,0,0,0,0,0,0,0,0,0,0,0,0.359903,0,performance
0,0,0,0,0,0,0,0,0,0,0,0,0,0,0,0,0,0,0,0,0,0,0,0.275789,0,security
0,0,0,0,0,0,0,0,0,0,0,0,0,0,0,0,0,0,0,0,0,0,0,0.235628,0.281784,security
0,0.290973,0,0,0,0,0,0,0,0,0,0.501289,0,0,0,0,0,0,0,0,0,0,0,0,0,availability
0,0,0,0,0.304051,0,0,0,0,0,0.232133,0,0,0,0,0,0,0,0,0,0,0,0,0.140747,0,performance
0,0,0,0,0,0,0,0,0,0,0,0,0,0,0,0,0,0,0,0,0,0,0,0,0,security
0,0.399544,0,0,0,0,0,0,0,0,0,0,0,0,0,0,0,0,0,0,0,0.418076,0,0,0,performance
0,0.260733,0,0,0.237065,0,0,0,0,0,0,0.449192,0,0.291211,0,0,0,0,0,0,0,0,0,0,0,availability
0,0,0,0,0,0,0,0,0,0,0.139953,0,0,0,0,0,0,0.35378,0,0.25139,0,0,0,0.084856,0,performance
0,0,0,0,0,0,0,0,0,0,0,0,0,0,0,0,0,0,0,0,0,0,0,0,0,security
0,0,0,0,0,0,0,0,0,0,0.250491,0,0.381355,0,0,0,0,0,0,0,0,0,0,0,0,performance
0,0,0,0,0,0,0,0,0,0,0.652588,0,0,0,0,0,0,0,0,0,0,0,0,0,0,performance
0,0,0,0,0,0,0,0,0,0,0,0,0,0,0,0,0,0,0,0,0,0,0,0.333295,0,security
0,0,0,0,0,0,0,0,0,0,0,0,0,0,0,0,0,0,0,0,0,0,0.321324,0.195505,0.39586,usability
0,0,0,0,0,0,0,0,0,0,0,0,0,0,0,0,0,0.257441,0,0,0,0,0,0.177017,0,usability
0,0,0,0,0,0,0,0,0,0,0,0,0,0,0,0,0,0,0.487319,0,0,0,0,0.219656,0,scalability
0,0,0,0,0,0,0,0,0,0,0,0,0,0,0,0,0,0,0,0,0,0,0.31408,0,0,scalability
0,0,0,0,0,0,0,0,0,0,0,0,0,0,0,0,0,0,0,0.388014,0,0,0,0,0,performance
0,0,0,0,0,0,0,0,0,0,0,0,0,0,0,0,0,0,0,0,0,0,0,0.370043,0,usability
0,0,0,0,0,0,0,0,0,0.267961,0,0,0,0,0,0,0,0,0,0,0,0,0,0,0,'fault tolerance'
0,0,0,0,0,0,0,0,0,0,0,0,0,0,0,0,0,0,0,0,0,0,0,0.116319,0,performance
0,0,0,0,0,0.236878,0,0,0,0.23091,0,0,0,0,0,0,0,0,0,0,0,0,0,0,0,availability
0.617994,0,0,0,0,0,0,0,0,0,0,0,0,0,0,0,0,0,0,0,0,0,0,0,0,security
0,0,0,0,0.457789,0,0,0,0,0,0,0,0,0,0,0,0,0,0.47014,0,0,0,0,0,0,maintainability
0,0,0,0,0,0,0,0,0,0,0,0,0,0,0,0,0,0,0,0,0,0,0,0.283282,0,usability
0,0,0,0,0,0,0,0.587843,0,0,0,0,0,0,0,0,0,0,0,0,0,0,0,0.243154,0,usability
0,0,0,0,0,0,0,0,0,0,0.334752,0,0,0,0,0,0,0.499782,0,0,0,0,0,0.202966,0,performance
0,0.603624,0,0,0,0,0,0,0,0,0,0,0,0,0,0,0,0,0,0,0,0,0,0,0,security
0,0,0,0,0,0,0,0,0,0,0,0,0,0,0,0,0,0,0,0,0,0,0.271607,0.165255,0,usability
0,0,0,0,0,0,0,0,0,0,0,0,0,0,0,0,0,0,0,0,0,0,0,0,0,usability
0,0,0,0,0,0,0,0,0,0,0.286772,0,0,0,0,0,0,0,0,0,0,0,0,0.294396,0.352064,performance
0,0,0,0,0,0,0,0,0,0,0,0,0,0,0,0,0,0,0,0,0,0,0.487303,0.175113,0,usability
0,0,0,0,0,0,0,0,0,0,0.275525,0,0,0,0,0.655827,0,0,0,0,0,0,0,0.167056,0.338257,usability
0,0,0,0,0,0,0,0,0,0,0,0,0,0,0,0,0,0,0,0,0.508732,0,0.294082,0.17893,0,usability
0,0,0,0,0,0,0,0,0,0,0,0,0,0,0,0,0,0,0,0,0,0,0,0,0,maintainability
0,0,0,0,0,0,0,0,0,0,0,0,0,0,0,0,0,0,0,0,0,0,0,0,0,usability
0,0,0,0,0,0,0,0,0,0,0,0,0,0,0.616229,0.544888,0,0,0,0,0,0,0,0.235004,0,usability
0,0,0,0,0,0,0,0,0,0,0,0,0,0,0,0,0,0,0,0,0,0,0,0,0,performance
0,0,0,0,0,0,0,0,0,0,0,0,0,0,0,0,0,0,0,0.344085,0.330222,0,0.190891,0.19665,0.235171,usability
0,0,0,0,0,0,0,0,0,0,0.326986,0,0,0,0,0,0,0.488188,0,0.346899,0,0,0,0,0,performance
0,0,0,0,0,0,0,0,0,0,0,0,0,0,0,0,0,0,0.579885,0,0,0,0,0.261379,0,performance
0,0,0,0,0,0,0,0,0,0,0.301644,0,0.459233,0,0,0,0,0,0,0,0,0,0,0,0,performance
0,0,0,0,0,0,0,0,0,0,0,0,0,0,0,0,0,0,0,0,0,0,0,0,0,usability
0,0,0,0,0,0,0,0,0,0,0,0,0,0,0,0,0,0,0,0,0,0,0,0,0,'fault tolerance'
0,0,0,0,0,0,0,0,0,0,0,0,0,0,0,0,0,0,0,0,0,0,0,0.227234,0.460105,usability
0,0,0,0,0,0.355438,0,0,0,0,0,0,0,0,0,0,0,0,0,0,0,0,0,0,0,performance
0,0,0,0,0,0,0,0,0,0.515653,0,0.469771,0,0,0,0,0,0,0,0.34,0,0,0,0,0,availability
0,0,0,0,0,0,0,0,0,0,0,0,0,0,0.298816,0,0,0,0.252818,0,0,0,0,0.23915,0,usability
0.338548,0,0,0,0,0,0,0,0,0,0,0,0,0,0,0,0,0,0,0,0,0.447781,0,0.180109,0,security
0,0,0,0,0,0,0,0,0,0,0,0,0,0,0,0,0,0,0,0.445239,0,0,0,0,0,performance
0,0.241444,0,0,0,0,0,0,0,0,0.283773,0,0,0,0,0,0,0.42367,0,0.373148,0,0,0,0,0,performance
0,0,0,0,0,0,0,0,0,0,0,0,0,0,0,0,0,0,0,0,0,0,0,0,0,'fault tolerance'
0,0.492163,0,0,0.447486,0,0,0,0,0,0,0,0,0,0,0,0,0,0,0,0,0,0.340452,0,0,availability
0.499384,0,0,0,0,0,0,0,0,0,0,0,0,0,0,0,0,0,0,0,0,0,0,0.265675,0,security
0,0,0,0,0,0,0,0.402937,0,0,0,0,0,0,0,0,0,0,0,0,0,0,0.273932,0,0,usability
0,0,0,0,0,0,0,0,0,0,0,0,0,0,0,0,0,0,0,0,0,0,0,0.661759,0,security
0,0,0,0,0,0,0,0,0,0,0,0,0,0.649098,0,0,0,0,0,0,0,0,0,0,0,maintainability
0,0,0,0,0,0,0,0,0,0,0,0,0,0,0,0,0,0,0,0,0,0,0,0.145504,0,usability
0,0,0,0,0,0,0,0,0,0,0,0,0,0,0,0,0,0,0,0,0,0,0.298799,0.1818,0.36811,security
0,0,0,0,0,0,0.24489,0,0,0,0,0,0,0,0,0.219034,0,0,0,0,0,0,0.155262,0.094467,0,usability
0,0,0,0,0.544074,0,0,0,0,0,0,0,0,0,0,0,0,0,0,0,0,0,0,0,0,availability
0.322594,0,0,0,0,0,0,0,0,0,0,0,0,0,0,0,0,0,0,0,0,0,0,0.290581,0.347501,security
0,0,0,0,0.445583,0,0,0,0,0,0,0.498653,0,0,0,0,0,0,0,0,0,0,0.339004,0,0,availability
0,0,0,0,0,0,0,0,0,0,0,0,0,0,0,0,0,0,0,0,0,0,0,0.242565,0,performance
0,0,0,0,0,0,0,0,0,0,0,0,0,0,0,0,0,0,0,0,0,0,0,0.161128,0,performance
0,0,0,0,0,0,0,0,0,0,0.368363,0,0,0,0,0,0,0,0,0,0,0,0,0.131911,0,performance
0,0,0,0,0,0,0,0,0,0,0.261803,0,0.398577,0,0,0,0,0,0,0,0,0,0,0.268763,0,performance
0,0,0,0,0,0,0,0.32311,0,0,0.22043,0,0,0,0,0,0,0,0,0,0,0,0.371921,0.13365,0,usability
0,0,0,0,0,0,0,0,0,0,0,0,0,0,0,0,0,0,0,0,0,0,0,0.283179,0,maintainability
0,0,0,0,0.355096,0,0,0,0,0,0,0,0,0,0,0,0,0,0,0,0,0,0,0.164375,0,availability
0,0,0,0,0,0,0,0,0,0,0,0,0,0,0,0,0,0,0,0.474508,0,0,0,0,0,availability
0.170782,0,0,0,0,0,0,0,0,0,0.14985,0,0,0,0,0,0,0,0,0,0,0,0.149329,0,0,performance
0,0,0,0,0,0,0,0,0,0,0,0,0,0,0,0,0,0,0.407529,0,0,0,0,0,0,security
0,0,0,0,0,0,0,0,0,0,0,0,0,0,0,0,0.410652,0,0,0,0,0,0,0,0,security
0,0.314001,0,0,0,0,0,0,0,0,0,0,0.33184,0,0,0,0,0,0,0,0,0,0,0,0,performance
0.339423,0,0,0,0,0,0,0,0,0,0,0,0,0,0,0,0,0,0,0,0,0,0,0.504122,0,security
0,0,0,0,0,0,0,0,0,0,0,0,0,0,0,0,0,0,0,0,0,0,0,0,0,performance
0,0,0,0,0,0.548351,0,0,0,0,0,0,0,0,0,0,0,0,0,0,0,0,0,0.201431,0,scalability
0,0,0,0,0,0.550756,0,0,0,0,0,0,0,0,0,0,0,0,0.448846,0,0,0,0,0.202314,0,scalability
0.383172,0,0,0,0,0,0,0,0,0,0,0,0,0,0,0,0,0,0,0,0,0,0,0.287302,0.24378,security
0.25625,0,0,0,0,0,0,0,0.646308,0,0,0,0,0,0,0,0.371119,0,0,0,0,0,0,0.230821,0,security
0,0,0,0,0,0,0,0,0,0,0,0,0,0,0,0,0,0,0,0,0,0,0,0.303473,0.292801,security
0,0,0,0,0,0,0,0,0,0,0,0,0,0,0,0,0,0,0,0.230746,0,0,0,0,0,scalability
0,0,0,0,0,0,0,0,0,0,0,0,0,0,0,0,0,0,0,0,0,0,0.264901,0.272893,0.326348,usability
0,0,0,0,0,0,0,0,0.623272,0,0,0,0,0,0,0,0,0,0,0,0,0,0,0,0,security
0,0,0,0,0,0,0,0,0,0,0,0.486341,0,0,0,0,0,0,0,0.351993,0,0,0,0.201169,0,usability
0,0,0,0,0,0,0,0,0,0,0.170244,0,0.259184,0,0,0,0,0,0,0,0,0,0,0.103222,0,performance
0,0,0,0,0,0.956333,0,0,0,0,0,0,0,0,0,0,0,0,0,0,0,0,0,0,0,security
0.283039,0,0,0,0,0,0,0,0,0,0,0,0,0,0,0,0,0,0,0,0,0,0,0.150578,0,security
0,0,0,0,0,0,0,0,0,0,0,0,0,0,0,0.48608,0,0,0,0,0,0,0.164184,0.169137,0,usability
0,0,0,0,0,0,0,0,0,0,0,0,0,0,0,0.298729,0,0,0,0,0,0,0,0,0,usability
0,0,0,0,0,0,0,0,0,0,0,0,0,0,0,0,0,0,0,0,0,0,0,0.24923,0,usability
0,0,0,0,0,0,0,0,0,0,0,0,0,0,0,0,0,0.274614,0,0,0,0.469451,0,0,0,performance
0,0,0,0,0.294363,0,0,0,0,0,0,0,0,0,0,0,0,0,0,0,0.655959,0,0,0.285961,0.275904,usability
0,0,0,0,0,0,0,0,0,0,0,0,0,0,0,0,0,0,0,0,0,0,0,0.188179,0,usability
0,0,0,0,0,0,0,0,0,0,0.231115,0,0,0,0,0,0,0,0,0.245189,0,0,0,0.140129,0,performance
0,0,0,0,0,0,0,0,0,0,0.522146,0,0,0,0,0,0,0,0,0,0,0,0.52033,0.316587,0,performance
0,0.28169,0,0,0,0,0,0,0,0,0.331075,0,0,0,0,0,0,0.291937,0,0.351236,0,0,0.194858,0.200737,0,performance
0,0,0,0,0,0,0,0,0,0,0.365085,0,0.555818,0,0,0,0,0,0,0,0,0,0,0,0,performance
0,0,0,0,0,0,0,0,0,0,0,0,0,0,0,0,0,0,0,0,0,0,0,0,0,performance
0,0,0,0,0,0,0,0.362584,0,0,0,0,0,0,0,0,0,0,0,0,0.426419,0,0,0.149979,0,usability
0,0,0,0,0,0,0,0,0,0,0,0,0,0,0,0,0,0,0,0,0,0,0,0,0,security
0,0,0,0,0,0,0,0,0,0,0,0,0,0,0,0,0,0,0,0,0,0.505053,0,0.119981,0,security
0,0,0,0,0.426574,0,0,0,0,0,0,0.47738,0,0,0,0,0,0,0,0,0,0,0,0,0,availability
0,0,0,0,0,0,0,0,0,0,0,0,0,0,0,0,0,0,0,0,0,0.909974,0,0,0,maintainability
0,0,0,0,0,0,0,0,0,0,0,0,0,0,0,0,0.512425,0,0,0,0,0,0.309374,0.188234,0,security
0,0,0,0,0,0,0,0,0,0,0,0,0,0,0,0,0,0,0,0,0,0,0,0,0,scalability
0,0,0,0,0,0,0,0,0,0,0,0,0,0,0,0,0,0,0,0,0,0,0,0,0,availability
0,0,0,0,0,0,0,0,0,0,0,0,0,0,0,0,0,0,0,0,0,0,0,0,0,security
0,0,0,0,0,0,0,0,0,0,0,0,0,0,0,0,0,0,0,0,0,0,0,0,0,usability
0,0,0,0,0,0,0,0,0,0,0,0,0,0,0,0,0,0,0,0,0,0,0,0,0,scalability
0,0,0,0,0,0,0,0,0,0,0,0,0,0,0,0,0,0,0,0,0,0,0,0,0,scalability
0,0,0,0,0,0,0,0,0,0,0,0,0,0,0,0,0,0,0,0,0,0.318694,0.356718,0,0,security
0,0,0,0,0,0,0,0,0,0,0.28752,0,0,0,0,0,0,0,0,0.305029,0,0,0,0,0,performance
0,0,0,0,0,0,0,0,0,0,0,0,0,0,0,0,0,0,0,0,0,0,0,0,0,security
0,0,0,0,0,0,0,0,0,0,0,0,0,0,0.221637,0,0,0,0,0,0,0,0,0.084523,0,usability
0,0,0,0,0,0,0,0,0,0.370135,0,0,0,0.370135,0,0,0,0,0,0,0,0,0,0,0,availability
0.345064,0,0.493264,0,0,0,0,0,0,0,0,0,0,0,0,0,0,0,0,0,0,0,0,0.310821,0.371706,security
0,0,0,0,0,0,0,0,0,0,0.262745,0,0,0,0,0,0,0,0,0,0,0,0.261831,0.159307,0.322566,usability
0.326277,0,0,0,0,0,0,0,0,0,0,0,0,0,0,0,0,0,0,0,0,0,0,0.173581,0,scalability
0,0,0,0,0,0,0,0,0.497482,0,0,0,0,0,0,0,0,0,0,0,0,0,0,0.17767,0,security
0,0,0,0,0,0,0,0,0,0,0,0,0,0,0,0,0,0,0,0,0,0,0.398031,0,0,usability
0,0,0,0,0,0,0,0.494565,0,0,0,0,0,0,0,0,0,0,0,0,0,0,0,0.204571,0,usability
0,0,0,0,0,0.347945,0,0,0,0,0,0.308999,0,0,0,0,0,0,0,0.22364,0,0,0,0,0,scalability
0,0,0,0,0,0,0,0,0,0,0,0,0,0,0,0,0,0,0,0,0,0,0,0,0,availability
0,0,0,0,0,0,0,0,0.457388,0,0,0,0,0,0,0,0,0,0.362402,0,0,0,0,0,0,security
0,0,0,0,0,0,0,0,0,0,0.232409,0,0,0,0,0,0,0,0,0,0,0,0,0.140914,0,performance
0,0,0,0,0,0,0,0,0,0,0,0,0,0,0,0,0,0,0,0,0,0,0,0,0,performance
0,0,0,0,0,0,0,0,0,0,0,0,0,0,0,0,0,0,0,0,0,0,0,0,0,maintainability
0,0,0.638419,0,0,0,0,0,0,0,0,0,0,0,0,0,0,0,0,0,0,0,0,0.237597,0,security
0,0,0,0,0,0,0,0,0,0,0,0,0,0,0,0,0,0,0,0,0,0,0,0.327017,0,security
0,0,0.402674,0,0,0,0,0,0,0,0,0,0,0,0,0,0,0,0,0,0,0,0,0.253737,0,security
0,0,0,0,0,0,0,0,0,0,0,0,0,0,0.563222,0,0,0,0,0,0,0,0.353019,0.214789,0,usability
0,0,0,0,0,0,0,0.241962,0,0,0.16507,0,0,0,0,0,0,0,0,0,0,0,0.164495,0.238832,0,usability
0,0,0,0,0,0,0,0,0,0,0,0,0,0,0,0,0,0,0,0,0,0,0,0,0,usability
0,0,0,0,0,0,0,0,0,0,0,0,0,0,0,0,0,0.292988,0,0.208193,0,0,0,0.118985,0,performance
0,0,0,0,0,0,0,0,0.593916,0,0,0,0,0,0,0,0,0,0,0,0,0,0,0,0,security
0,0,0,0,0,0.37182,0,0,0,0,0,0,0,0,0,0,0,0,0,0,0,0,0,0,0,performance
0,0,0,0,0,0.671115,0,0,0,0,0,0,0,0,0,0,0,0,0,0,0,0,0,0,0,security
0,0,0,0,0,0,0,0,0,0,0.39104,0,0,0,0,0,0,0,0,0,0,0,0,0.401436,0,performance
0,0,0,0,0,0,0,0,0,0,0,0,0,0,0,0,0,0,0,0,0,0,0,0.1685,0.34118,performance
0,0,0,0,0,0,0,0.501427,0,0,0,0,0,0,0,0,0,0,0,0,0,0,0.34089,0,0,maintainability
0,0,0,0,0,0,0,0,0,0,0,0,0,0,0,0,0,0,0.468543,0,0,0,0,0,0,performance
0,0,0,0,0,0,0,0,0,0,0,0,0,0,0,0,0,0,0,0,0,0,0,0,0,scalability
0,0,0,0,0,0,0,0,0,0,0,0,0,0,0,0,0,0,0,0,0,0,0,0.306994,0.367129,security
0,0,0,0,0,0,0,0,0,0,0,0,0,0,0,0,0,0,0,0,0,0,0,0.240679,0,security
0,0,0,0,0,0,0,0,0,0,0,0,0,0,0,0,0,0,0,0,0,0,0,0.538219,0,usability
0,0,0,0,0,0,0,0,0,0,0,0,0,0,0.477264,0,0,0,0,0,0,0,0,0,0,usability
0,0,0,0,0,0,0,0.397617,0,0,0,0,0,0,0,0,0,0,0,0,0,0,0.270315,0.164469,0,usability
0,0,0,0,0,0,0,0,0,0,0,0,0,0,0,0,0,0,0,0,0,0,0,1,0,security
0,0,0,0,0,0,0,0,0,0,0,0,0,0,0,0,0,0,0,0,0,0,0,0,0,scalability
0,0,0,0,0,0,0,0,0,0,0,0,0,0,0,0,0,0,0,0,0,0,0,0,0,usability
0,0,0,0,0,0,0,0,0,0,0,0,0,0,0,0,0,0.347793,0,0.247136,0,0,0,0,0,performance
0.310071,0,0.443242,0,0,0,0,0,0,0,0,0,0,0,0,0,0,0,0,0,0,0,0,0.164959,0.334011,security
0,0,0,0,0.381936,0,0,0,0,0,0,0,0,0,0,0,0,0,0,0,0,0,0.290581,0,0,availability
0,0,0,0,0,0,0,0,0,0.819175,0,0,0,0,0,0,0,0,0,0,0,0,0,0.308693,0,'fault tolerance'
0,0,0,0,0,0,0,0,0,0,0,0,0,0,0,0,0,0,0,0,0,0,0.506214,0,0,availability
0,0,0,0,0.354176,0,0,0,0,0,0,0,0,0,0,0,0,0,0,0.485709,0,0,0,0,0,availability
0,0,0,0,0,0,0,0,0,0,0.545457,0,0,0,0,0,0,0,0,0,0,0,0,0.559958,0,performance
0,0,0,0,0,0,0,0,0,0,0,0,0,0,0,0,0,0,0,0,0,0,0,0,0,security
0,0,0,0,0,0,0,0,0,0,0,0,0,0,0,0,0,0,0.301844,0,0,0,0,0,0,maintainability
0,0,0,0,0,0,0,0,0,0,0,0,0,0,0,0,0,0,0,0.569995,0,0,0,0.325761,0,usability
0,0,0,0,0,0,0,0,0,0,0,0,0,0,0,0,0,0,0,0,0,0,0,0.315239,0,usability
0,0,0,0,0,0,0,0,0,0,0.204606,0,0,0,0,0,0,0.305475,0,0.217065,0,0.522207,0,0,0,performance
0,0,0,0,0,0,0,0,0,0,0,0,0,0,0,0,0,0,0,0,0,0,0,0,0,'fault tolerance'
0,0,0,0,0,0.477892,0,0,0,0,0,0,0,0,0,0,0,0,0,0,0,0,0,0,0,scalability
0,0,0,0,0,0,0,0,0,0,0,0,0,0,0,0,0,0,0,0,0,0,0,0,0,scalability
0,0,0,0,0,0,0,0,0,0,0,0,0,0,0,0,0,0,0,0,0,0,0,0.306994,0.367129,security
0,0,0,0,0,0,0,0,0,0,0,0,0,0,0,0,0,0,0,0,0,0,0,0,0,availability
0,0,0,0,0,0,0,0,0,0,0,0,0,0,0,0,0,0,0,0,0,0,0,0,0,security
0,0,0,0,0,0,0,0,0,0,0,0,0,0,0,0,0,0,0,0,0,0,0,0,0,security
0,0,0,0,0,0,0,0,0,0,0,0,0,0,0,0,0,0,0,0,0,0,0,0.327017,0,performance
0,0,0,0,0,0,0,0,0,0,0,0,0,0,0,0.408778,0,0,0,0,0,0,0,0,0,performance
0,0,0,0,0,0,0.547401,0,0,0,0,0,0,0,0,0,0,0,0,0,0,0,0,0.211161,0,usability
0,0,0,0,0,0,0,0,0,0,0,0,0,0,0,0,0,0,0,0,0,0,0,0,0,scalability
0,0,0,0,0,0,0,0,0,0,0,0,0,0,0,0,0,0,0,0,0,0,0,0.115856,0.234587,performance
0,0,0,0,0,0,0,0,0,0,0,0,0,0,0,0,0,0,0,0,0,0,0,0.157263,0.318427,usability
0,0,0,0,0,0,0,0,0,0,0.554737,0,0,0,0,0,0,0,0,0,0,0,0,0,0,performance
0,0,0,0,0,0,0.376469,0,0,0,0,0,0,0,0,0,0,0,0,0,0,0,0.500906,0.304769,0,usability
0,0,0,0,0,0,0,0,0.608986,0,0,0,0,0,0,0,0,0,0,0,0,0,0,0.217492,0,security
0,0,0,0,0,0,0,0,0,0,0,0,0,0.362058,0,0,0,0,0,0,0,0,0,0,0,performance
0,0,0,0,0,0,0,0,0,0,0,0,0,0,0,0,0.651279,0,0,0,0,0,0,0.141299,0,security
0,0,0,0,0,0,0,0,0,0,0,0,0,0,0,0,0,0,0,0,0,0.558627,0,0,0,security
0.328789,0,0,0,0,0,0,0,0,0,0,0,0,0,0,0,0,0,0,0,0,0,0,0.296161,0,security
0.255845,0,0,0,0,0,0,0,0,0,0,0,0,0,0,0,0,0,0,0,0,0,0,0.3248,0.275598,security
0.445662,0,0,0,0,0,0,0,0,0,0.391039,0,0,0,0,0,0,0,0,0,0,0,0,0.237094,0,performance
0,0,0,0,0,0,0,0,0,0,0,0,0,0,0,0,0,0,0,0,0,0,0,0,0,usability
0,0,0,0,0,0,0,0,0,0,0,0,0,0,0,0,0,0,0,0,0,0,0,0.271658,0,security
0,0,0,0,0,0,0.262645,0,0,0,0,0,0,0,0,0,0,0,0,0,0,0,0,0.101316,0,performance
0,0.393299,0,0,0,0,0,0,0,0,0.273013,0,0,0,0,0,0,0.407606,0,0.289638,0,0,0,0,0,performance
0,0,0,0,0,0,0.310866,0,0,0,0,0,0,0,0.532407,0,0,0,0,0,0,0,0,0.119917,0,usability
0,0,0,0,0,0,0,0,0,0,0,0,0,0,0,0,0,0,0.588356,0,0,0,0,0.265198,0,scalability
0,0.523432,0,0,0.475916,0,0,0,0,0,0,0,0,0,0,0,0,0,0,0,0,0,0,0,0,availability
0,0,0,0,0,0,0,0,0,0,0.250034,0,0,0.4023,0,0,0,0,0,0,0,0,0,0.256681,0,maintainability
0,0,0,0,0,0,0,0,0,0,0.293756,0.430592,0,0,0,0,0,0,0,0.184062,0,0,0,0.220762,0,performance
0,0,0.331316,0,0,0,0,0,0.345257,0,0,0,0,0,0,0,0,0,0,0,0,0,0,0.123304,0,security
0,0,0,0,0,0,0,0,0,0,0.336123,0,0,0,0,0,0,0,0.452137,0,0,0,0,0,0,usability
0,0,0,0,0,0,0,0,0,0,0,0,0,0,0,0,0,0,0,0,0,0,0,0.538219,0,scalability
0,0,0,0,0,0,0,0,0,0,0,0,0,0,0,0,0,0,0,0,0,0,0,0,0,availability
0,0,0,0,0,0,0,0,0,0,0.434761,0,0,0,0,0,0,0,0,0,0,0,0,0,0,performance
0,0.434043,0,0,0,0,0,0,0,0,0,0,0,0,0,0,0,0,0,0,0,0.454175,0,0,0,maintainability
0,0,0,0,0,0,0,0,0,0,0,0,0,0,0,0,0,0,0,0,0,0,0.314703,0.324198,0.387703,usability
0,0,0,0,0,0,0,0,0,0,0.388326,0,0,0,0,0,0,0,0,0,0,0.345726,0,0.13906,0,performance
0,0,0,0,0.469111,0,0,0,0,0,0,0.524984,0,0.576258,0,0,0,0,0,0.379961,0,0,0,0,0,availability
0,0,0,0,0,0,0,0,0,0,0,0,0,0,0,0,0,0,0,0,0,0,0,0,0,security
0.3092,0,0,0,0,0,0,0,0,0,0,0,0,0,0,0,0,0,0,0,0,0,0,0.345213,0,security
0,0,0,0,0,0,0,0,0,0,0,0,0,0,0,0,0,0,0,0,0,0,0,0,0,usability
0,0,0,0,0,0,0,0,0,0,0,0,0,0,0,0,0,0,0,0,0,0,0.158987,0.096733,0,security
0,0,0,0,0,0,0,0,0,0,0,0,0.532441,0,0,0,0,0,0,0,0,0,0,0,0,performance
0,0,0,0,0,0,0,0,0,0,0,0,0,0,0.548211,0.820744,0,0,0,0,0,0,0,0,0,usability
0,0,0,0,0,0,0,0,0,0,0.554737,0,0,0,0,0,0,0,0,0,0,0,0,0,0,performance
0,0,0,0,0,0,0,0,0,0,0.264156,0,0,0,0,0,0,0,0,0,0,0,0,0,0,performance
0,0,0,0,0,0,0,0,0,0,0,0,0,0,0,0,0,0.349163,0,0,0,0,0,0,0,performance
0,0,0,0,0,0,0,0,0,0,0.387725,0,0,0,0,0,0,0,0,0,0,0,0,0.235085,0,performance
0,0,0,0,0,0,0,0,0,0,0,0,0,0,0,0,0,0,0,0,0,0,0.501436,0.305091,0,usability
0,0,0,0,0,0,0,0,0,0,0,0,0,0,0,0.464102,0,0,0,0,0,0,0,0.200162,0,maintainability
0,0,0,0,0,0,0,0,0,0,0,0,0,0,0,0,0,0,0,0,0,0,0,0,0,performance
0,0.290973,0,0,0,0,0,0,0,0,0,0.501289,0,0,0,0,0,0,0,0,0,0,0,0,0,availability
0,0.359619,0,0.246716,0,0,0,0,0,0,0.147438,0,0.224464,0,0,0,0,0.220123,0,0.156416,0,0,0.146925,0.151357,0,performance
0,0,0,0,0,0,0,0,0,0,0.374023,0,0,0,0,0,0,0,0,0,0,0,0,0,0,performance
0,0,0,0,0,0,0,0,0,0,0.320259,0,0,0,0,0,0,0.478144,0,0.339762,0,0,0,0,0,performance
0,0,0,0,0,0,0,0,0,0,0,0,0,0,0,0,0,0,0,0,0,0,0,0.538219,0,security
0,0,0,0,0,0,0,0,0,0,0,0,0,0,0,0,0.678312,0,0,0,0,0,0,0.24917,0,security
0,0,0,0,0,0,0,0,0,0.34555,0,0,0,0,0,0,0,0,0,0,0,0,0,0,0,availability
0.383172,0,0,0,0,0,0,0,0,0,0,0,0,0,0,0,0,0,0,0,0,0,0,0.287302,0.24378,security
0.277625,0,0,0,0,0,0,0,0,0,0,0,0,0,0,0,0,0,0,0,0,0,0,0.309961,0,performance
0,0,0,0,0.351227,0,0,0,0,0,0,0,0,0,0,0,0,0,0,0.28448,0,0,0.267217,0,0,availability
0,0,0,0,0,0,0,0,0,0,0,0,0,0,0,0,0,0,0,0,0,0,0,0.298528,0,security
0,0,0,0,0,0,0,0,0,0,0,0.384874,0,0,0,0,0,0,0,0,0,0,0,0.159199,0,maintainability
0,0,0,0.463197,0.613878,0,0,0,0,0,0,0,0,0,0,0,0,0,0,0.293664,0,0,0,0.167833,0,availability
0.374122,0,0.315863,0,0,0,0,0,0,0,0,0,0,0,0,0,0,0,0,0,0,0,0.193206,0.199035,0.238023,security
0,0,0,0,0,0,0,0,0,0,0,0,0,0,0,0,0,0,0,0,0,0,0,0,0,performance
0.303475,0,0.256218,0,0,0,0,0,0,0,0,0,0,0,0,0,0,0,0,0,0,0,0,0.095355,0,performance
0,0,0,0.869753,0,0,0,0,0,0,0,0,0,0,0,0,0,0,0,0,0,0,0,0,0,availability
0,0,0,0,0,0,0,0,0,0,0,0,0,0,0,0.336887,0,0,0,0,0,0,0,0.145296,0,maintainability
0,0,0,0,0,0.472553,0,0,0,0,0,0,0,0,0,0,0,0,0,0,0,0,0,0,0,performance
0,0,0,0,0,0,0,0,0,0,0,0,0,0,0,0,0,0,0,0,0,0,0,0,0,security
0,0,0,0,0,0,0,0.38345,0,0,0,0,0,0,0,0,0,0,0,0,0,0,0.441378,0.15861,0,usability
0,0,0,0,0,0,0,0,0,0,0,0,0,0,0,0.460088,0.540184,0,0,0,0,0,0.326133,0.335972,0,security
0,0,0,0,0,0,0,0,0,0,0,0,0,0,0,0,0,0,0,0,0,0,0,0,0,maintainability
0,0,0,0,0,0,0,0,0,0,0,0,0,0,0,0,0,0,0,0,0,0,0,0.245268,0,security
0,0,0,0,0,0,0,0,0,0,0,0,0,0,0,0.326235,0,0,0,0,0,0,0.485307,0,0,usability
0,0,0,0,0,0,0,0,0,0,0,0,0,0,0,0,0,0,0,0,0,0,0,0.336887,0,usability
0,0,0,0,0,0,0,0,0,0,0,0,0,0,0,0,0,0,0,0,0,0,0.268251,0,0,maintainability
0.338169,0,0,0,0,0,0,0,0,0,0,0,0,0,0,0,0,0,0,0,0,0,0.29569,0.179908,0,security
0,0,0,0,0,0,0,0,0,0,0,0,0,0.483358,0,0,0,0,0,0,0,0,0,0,0,maintainability
0,0,0,0,0.22584,0,0,0,0,0.277423,0,0,0,0,0,0,0,0,0,0,0,0,0,0.104542,0,availability
0,0.342163,0,0.397449,0.311102,0,0,0,0,0,0,0,0,0,0,0,0,0,0,0,0,0,0.23669,0,0,availability
0,0,0,0,0.466705,0,0,0,0,0,0,0,0,0,0,0,0,0,0,0,0,0,0,0,0,availability
0,0,0,0,0,0,0,0,0,0,0.304734,0,0,0,0,0,0,0,0,0,0,0,0,0.184766,0,performance
0,0,0,0,0,0,0,0,0,0,0,0,0,0,0,0,0,0,0,0,0,0,0,0,0,scalability
0,0,0,0,0,0,0.512674,0,0,0,0,0,0,0,0,0.458545,0,0,0,0,0,0,0,0.197765,0,usability
0.22634,0,0,0.332326,0,0,0,0,0,0,0,0,0,0,0,0,0,0,0,0,0,0,0,0,0,availability
0.241321,0,0,0,0,0,0,0,0,0,0,0,0,0,0,0,0,0,0,0.224638,0,0,0.124624,0.180942,0,security
0,0,0,0,0,0,0,0,0,0,0,0,0,0,0,0,0,0,0,0,0,0,0.278979,0.169741,0,security
0,0,0,0,0,0,0,0,0,0,0.335854,0,0,0,0,0,0,0,0,0.356307,0,0,0,0,0,performance
0,0,0,0,0,0,0,0,0,0,0,0,0,0,0,0,0.510333,0,0,0,0,0,0,0.187465,0,security
0,0,0,0,0,0,0,0,0,0,0,0,0,0,0,0.395159,0,0,0,0,0,0,0,0.170428,0.345083,usability
0,0,0,0,0,0,0,0,0,0,0,0,0,0,0,0,0,0,0,0,0,0,0,0.258047,0,security
0,0,0,0,0,0,0,0,0,0,0,0,0,0,0,0,0,0,0.641509,0,0,0,0,0,0,scalability
0,0,0,0,0.511543,0,0,0,0,0,0,0,0,0,0,0,0,0,0,0.414329,0,0,0,0.236795,0,availability
0,0,0,0,0,0,0,0,0,0,0,0,0,0,0.576715,0,0,0,0,0,0,0,0,0,0,usability
0.772514,0,0,0,0,0,0,0,0,0,0,0,0,0,0,0,0,0,0,0,0,0,0,0,0,security
0,0,0,0,0,0,0,0,0.681802,0,0,0,0,0,0,0,0,0,0,0,0,0,0,0,0,security
0,0,0,0,0,0,0.237072,0,0,0,0,0,0,0,0.239803,0.624655,0,0,0.202889,0,0,0,0.150305,0,0,usability
0,0,0,0,0,0,0,0.839316,0,0,0,0,0,0,0,0,0,0,0,0,0,0,0,0,0,usability
0,0,0,0,0,0,0,0,0,0,0,0,0,0,0,0,0,0,0,0,0,0,0,0,0,performance
0,0,0,0,0,0,0,0,0,0,0,0,0,0,0,0,0,0,0,0,0.522356,0,0,0.183721,0.372001,usability
0,0,0,0,0,0,0,0,0,0,0,0,0,0,0,0,0.849157,0,0,0,0,0,0,0.528141,0,security
0.292539,0,0,0,0,0,0,0,0,0,0.256684,0,0,0,0,0,0,0,0,0,0,0,0,0.326611,0,performance
0,0,0,0,0,0,0,0,0,0,0.272567,0,0.414965,0,0,0,0,0,0,0,0,0,0,0,0,performance
0,0,0,0,0,0,0,0,0,0,0,0,0,0,0,0,0,0,0,0,0,0,0,0,0,security
0,0,0,0,0,0,0.229323,0,0,0,0,0,0,0,0,0.572619,0,0,0.196258,0,0,0,0.246171,0.088462,0,usability
0,0,0,0,0,0,0,0,0,0,0,0,0,0,0,0,0,0,0.365399,0,0,0,0,0.278864,0,performance
0,0,0,0,0,0,0,0,0,0,0,0,0,0,0,0,0,0,0,0,0,0,0,0.249042,0,maintainability
0,0,0,0,0,0,0,0,0,0,0,0,0,0,0,0,0,0,0,0,0,0.647861,0,0.153907,0,maintainability
0,0,0,0,0,0,0,0,0,0,0,0,0,0,0,0,0,0,0,0.396078,0,0,0,0,0,availability
0,0,0,0,0,0,0,0,0,0,0,0,0,0,0,0.649324,0,0,0,0,0,0,0,0.280046,0.334903,usability
0.352333,0,0,0,0,0,0,0,0,0,0,0,0,0,0,0,0,0,0,0,0,0,0,0,0,security
0,0,0,0,0,0,0,0,0,0,0,0,0,0,0,0,0,0,0,0,0,0,0.783864,0,0,security
0,0,0,0,0,0,0,0,0,0,0,0,0,0,0,0.423377,0,0,0,0,0,0,0,0,0,usability
0,0,0,0,0,0,0,0,0,0,0,0,0,0.318073,0,0,0,0,0,0,0,0,0.196998,0,0,maintainability
0,0,0,0,0,0,0,0,0,0,0.368169,0,0,0,0,0,0,0,0,0,0,0,0.21669,0.223228,0.266955,usability
0,0.58916,0,0,0.535678,0,0,0,0,0,0,0,0,0,0,0,0,0,0,0,0,0,0,0,0,availability
0,0,0,0,0,0,0,0,0,0,0.320259,0,0,0,0,0,0,0.478144,0,0.339762,0,0,0,0,0,performance
0.304451,0,0,0,0,0.440927,0,0,0,0,0.267136,0,0,0,0,0,0,0,0,0,0,0,0,0,0,performance
0,0,0,0,0,0,0,0,0,0,0.204196,0.17678,0.183608,0,0,0,0,0.469848,0,0.333867,0,0,0,0.19081,0,performance
0,0,0,0,0,0,0,0,0,0,0,0,0,0,0,0,0,0,0,0,0,0,0,0.250333,0,security
0,0.393299,0,0,0,0,0,0,0,0,0.273013,0,0,0,0,0,0,0.407606,0,0.289638,0,0,0,0,0,performance
0,0,0,0,0,0,0,0,0,0,0,0,0,0,0,0,0,0,0,0.903102,0,0,0,0,0,security
0.239881,0,0.580591,0,0,0,0,0,0,0,0,0,0,0,0,0,0,0,0,0,0,0,0,0.26782,0,security
0,0,0,0,0,0,0,0,0,0,0,0,0,0,0,0,0,0,0,0,0,0,0.313026,0.190456,0,usability
0,0,0,0,0,0,0,0,0,0,0,0,0,0,0,0,0,0,0,0,0,0,0,0,0,usability
0,0,0,0,0,0,0,0,0,0,0.583125,0,0,0,0,0,0,0,0,0,0,0,0,0,0,performance
0,0,0,0,0.405777,0,0,0,0,0,0,0,0,0,0,0,0,0,0,0,0,0,0,0,0,usability
0,0,0,0,0,0,0,0,0,0,0,0,0,0,0,0,0,0,0,0,0,0,0,0,0,performance
0,0,0,0,0,0,0,0,0,0,0,0,0,0,0,0,0,0,0,0,0,0,0.315052,0.191689,0,usability
0,0,0,0,0,0,0,0,0,0,0,0,0,0,0,0,0,0,0,0,0,0,0,0,0,security
0,0.537119,0,0,0,0,0,0,0,0,0,0,0,0,0,0,0,0,0,0,0,0,0,0,0,performance
0,0,0,0,0,0,0,0,0,0,0,0,0,0,0,0,0,0,0,0,0,0,0,0.352627,0,usability
0,0,0,0,0,0,0,0,0,0,0,0.26984,0.280262,0,0,0,0,0,0,0.195299,0,0,0,0.188983,0,scalability
0,0,0,0,0,0,0,0,0,0,0,0,0,0,0,0,0,0,0,0.516754,0,0,0,0,0,performance
0,0,0,0,0,0,0,0,0,0,0.305198,0,0.464643,0,0,0,0,0,0,0,0,0,0,0,0,performance
0,0,0,0,0,0,0,0,0,0,0,0,0,0,0,0,0,0,0,0,0.375275,0,0,0.13199,0.267255,usability
0,0,0,0,0,0,0.350382,0,0,0,0,0,0,0,0.354419,0,0,0,0,0,0,0,0.222145,0.135161,0,usability
0,0,0,0,0.710402,0,0,0,0,0,0,0,0,0,0,0,0,0,0,0.464227,0,0,0,0,0,availability
0,0,0,0,0,0,0,0,0,0,0,0,0,0,0,0,0.763,0,0,0,0,0,0,0.474555,0,security
0,0,0,0,0,0,0,0,0,0,0,0,0,0,0,0,0,0,0,0,0,0,0,0,0,usability
0.343574,0,0,0,0,0,0,0,0,0,0,0,0,0,0,0,0,0,0,0,0,0,0,0.182783,0,usability
0,0,0,0,0,0,0,0,0,0,0.339645,0,0,0,0,0,0,0,0,0,0,0,0,0.205933,0,usability
0,0,0,0,0,0,0,0,0,0,0,0,0,0,0,0,0,0,0,0.265449,0,0,0,0.151708,0,usability
0,0,0,0,0,0,0,0,0,0,0,0,0,0,0,0,0,0,0,0,0,0,0,0.175989,0,performance
0,0,0,0,0,0,0,0,0,0,0,0,0,0,0,0,0,0,0,0,0,0,0,0,0,performance
0,0,0,0,0,0,0,0,0,0,0,0,0,0,0,0,0,0,0,0,0,0,0,0.22957,0,usability
0,0,0,0,0,0,0,0,0,0,0,0,0,0,0,0,0,0,0,0,0,0,0,0.186346,0,maintainability
0,0,0,0,0,0,0,0,0,0,0,0,0,0,0,0,0,0,0,0,0,0,0,0,0,usability
0.341138,0,0,0,0,0,0,0,0,0,0,0,0,0,0,0,0,0,0,0,0,0,0,0.307285,0,security
